Lp.,iteracja,Nazwa algorytmu,Liczba epok,Wspolczynnik uczenia,Liczba warstw ukrytych,Czas uczenia [ms],Poprawnie sklasyfikowane,Niepoprawnie sklasyfikowane,Poprawnie sklasyfikowane [%]
40,1,GradientDescent,10,0.01,1,546.39,127,78,61.95
41,1,GradientDescent,10,0.2,1,305.4,127,78,61.95
42,1,GradientDescent,10,0.4,1,310.07,127,78,61.95
43,1,GradientDescent,10,0.6,1,304.14,127,78,61.95
44,1,GradientDescent,10,0.9,1,300.15,127,78,61.95
45,1,GradientDescent,10,0.01,3,552.77,78,127,38.05
46,1,GradientDescent,10,0.2,3,559.75,127,78,61.95
47,1,GradientDescent,10,0.4,3,557.01,127,78,61.95
48,1,GradientDescent,10,0.6,3,553.9,78,127,38.05
49,1,GradientDescent,10,0.9,3,548.67,127,78,61.95
50,1,GradientDescent,10,0.01,5,853.16,127,78,61.95
51,1,GradientDescent,10,0.2,5,845.0,127,78,61.95
52,1,GradientDescent,10,0.4,5,845.65,127,78,61.95
53,1,GradientDescent,10,0.6,5,838.26,127,78,61.95
54,1,GradientDescent,10,0.9,5,834.14,127,78,61.95
55,1,GradientDescent,20,0.01,1,295.93,127,78,61.95
56,1,GradientDescent,20,0.2,1,298.78,61,144,29.76
57,1,GradientDescent,20,0.4,1,295.62,127,78,61.95
58,1,GradientDescent,20,0.6,1,298.28,127,78,61.95
59,1,GradientDescent,20,0.9,1,1838.18,127,78,61.95
60,1,GradientDescent,20,0.01,3,564.89,127,78,61.95
61,1,GradientDescent,20,0.2,3,561.11,127,78,61.95
62,1,GradientDescent,20,0.4,3,556.8,127,78,61.95
63,1,GradientDescent,20,0.6,3,555.84,127,78,61.95
64,1,GradientDescent,20,0.9,3,552.57,127,78,61.95
65,1,GradientDescent,20,0.01,5,869.01,127,78,61.95
66,1,GradientDescent,20,0.2,5,858.86,127,78,61.95
67,1,GradientDescent,20,0.4,5,857.8,127,78,61.95
68,1,GradientDescent,20,0.6,5,849.72,127,78,61.95
69,1,GradientDescent,20,0.9,5,855.28,127,78,61.95
70,1,GradientDescent,50,0.01,1,309.5,78,127,38.05
71,1,GradientDescent,50,0.2,1,313.24,127,78,61.95
72,1,GradientDescent,50,0.4,1,310.25,127,78,61.95
73,1,GradientDescent,50,0.6,1,304.84,127,78,61.95
74,1,GradientDescent,50,0.9,1,307.46,127,78,61.95
75,1,GradientDescent,50,0.01,3,556.13,78,127,38.05
76,1,GradientDescent,50,0.2,3,554.89,127,78,61.95
77,1,GradientDescent,50,0.4,3,553.32,127,78,61.95
78,1,GradientDescent,50,0.6,3,553.71,127,78,61.95
79,1,GradientDescent,50,0.9,3,2239.84,127,78,61.95
80,1,GradientDescent,50,0.01,5,900.66,127,78,61.95
81,1,GradientDescent,50,0.2,5,889.38,127,78,61.95
82,1,GradientDescent,50,0.4,5,889.95,127,78,61.95
83,1,GradientDescent,50,0.6,5,875.51,127,78,61.95
84,1,GradientDescent,50,0.9,5,874.65,127,78,61.95
85,1,GradientDescent,100,0.01,1,326.34,119,86,58.05
86,1,GradientDescent,100,0.2,1,325.84,127,78,61.95
87,1,GradientDescent,100,0.4,1,319.94,127,78,61.95
88,1,GradientDescent,100,0.6,1,336.02,127,78,61.95
89,1,GradientDescent,100,0.9,1,331.62,127,78,61.95
90,1,GradientDescent,100,0.01,3,584.37,78,127,38.05
91,1,GradientDescent,100,0.2,3,583.92,127,78,61.95
92,1,GradientDescent,100,0.4,3,582.14,127,78,61.95
93,1,GradientDescent,100,0.6,3,588.38,127,78,61.95
94,1,GradientDescent,100,0.9,3,586.61,127,78,61.95
95,1,GradientDescent,100,0.01,5,891.72,127,78,61.95
96,1,GradientDescent,100,0.2,5,2607.89,127,78,61.95
97,1,GradientDescent,100,0.4,5,922.11,127,78,61.95
98,1,GradientDescent,100,0.6,5,928.67,127,78,61.95
99,1,GradientDescent,100,0.9,5,918.72,127,78,61.95
100,1,GradientDescent,200,0.01,1,361.14,127,78,61.95
101,1,GradientDescent,200,0.2,1,363.79,127,78,61.95
102,1,GradientDescent,200,0.4,1,362.75,127,78,61.95
103,1,GradientDescent,200,0.6,1,355.34,127,78,61.95
104,1,GradientDescent,200,0.9,1,361.99,127,78,61.95
105,1,GradientDescent,200,0.01,3,634.98,127,78,61.95
106,1,GradientDescent,200,0.2,3,634.59,127,78,61.95
107,1,GradientDescent,200,0.4,3,636.04,127,78,61.95
108,1,GradientDescent,200,0.6,3,638.66,127,78,61.95
109,1,GradientDescent,200,0.9,3,633.23,127,78,61.95
110,1,GradientDescent,200,0.01,5,969.87,78,127,38.05
111,1,GradientDescent,200,0.2,5,959.22,127,78,61.95
112,1,GradientDescent,200,0.4,5,2398.3,127,78,61.95
113,1,GradientDescent,200,0.6,5,983.41,127,78,61.95
114,1,GradientDescent,200,0.9,5,973.72,127,78,61.95
115,1,GradientDescent,500,0.01,1,452.66,127,78,61.95
116,1,GradientDescent,500,0.2,1,453.08,127,78,61.95
117,1,GradientDescent,500,0.4,1,449.15,127,78,61.95
118,1,GradientDescent,500,0.6,1,453.15,127,78,61.95
119,1,GradientDescent,500,0.9,1,453.89,153,52,74.63
120,1,GradientDescent,500,0.01,3,777.0,127,78,61.95
121,1,GradientDescent,500,0.2,3,773.61,127,78,61.95
122,1,GradientDescent,500,0.4,3,775.72,127,78,61.95
123,1,GradientDescent,500,0.6,3,781.76,127,78,61.95
124,1,GradientDescent,500,0.9,3,775.8,127,78,61.95
125,1,GradientDescent,500,0.01,5,1218.2,127,78,61.95
126,1,GradientDescent,500,0.2,5,3286.9,127,78,61.95
127,1,GradientDescent,500,0.4,5,1866.28,127,78,61.95
128,1,GradientDescent,500,0.6,5,1772.5,127,78,61.95
129,1,GradientDescent,500,0.9,5,1277.1,127,78,61.95
130,1,GradientDescent,1000,0.01,1,608.91,127,78,61.95
131,1,GradientDescent,1000,0.2,1,602.64,127,78,61.95
132,1,GradientDescent,1000,0.4,1,602.82,147,58,71.71
133,1,GradientDescent,1000,0.6,1,612.61,136,69,66.34
134,1,GradientDescent,1000,0.9,1,612.4,174,31,84.88
135,1,GradientDescent,1000,0.01,3,1041.44,127,78,61.95
136,1,GradientDescent,1000,0.2,3,1075.54,127,78,61.95
137,1,GradientDescent,1000,0.4,3,1005.61,127,78,61.95
138,1,GradientDescent,1000,0.6,3,1000.47,127,78,61.95
139,1,GradientDescent,1000,0.9,3,2020.55,127,78,61.95
140,1,GradientDescent,1000,0.01,5,1947.56,127,78,61.95
141,1,GradientDescent,1000,0.2,5,1470.47,127,78,61.95
142,1,GradientDescent,1000,0.4,5,1461.3,127,78,61.95
143,1,GradientDescent,1000,0.6,5,1505.96,127,78,61.95
144,1,GradientDescent,1000,0.9,5,1459.88,127,78,61.95
145,1,GradientDescent,2000,0.01,1,918.42,127,78,61.95
146,1,GradientDescent,2000,0.2,1,904.21,127,78,61.95
147,1,GradientDescent,2000,0.4,1,954.06,176,29,85.85
148,1,GradientDescent,2000,0.6,1,919.47,175,30,85.37
149,1,GradientDescent,2000,0.9,1,910.73,176,29,85.85
150,1,GradientDescent,2000,0.01,3,1472.81,127,78,61.95
151,1,GradientDescent,2000,0.2,3,2494.86,127,78,61.95
152,1,GradientDescent,2000,0.4,3,1493.89,127,78,61.95
153,1,GradientDescent,2000,0.6,3,1492.58,127,78,61.95
154,1,GradientDescent,2000,0.9,3,1538.45,127,78,61.95
155,1,GradientDescent,2000,0.01,5,2090.5,127,78,61.95
156,1,GradientDescent,2000,0.2,5,2075.47,127,78,61.95
157,1,GradientDescent,2000,0.4,5,2138.62,127,78,61.95
158,1,GradientDescent,2000,0.6,5,2069.88,127,78,61.95
159,1,GradientDescent,2000,0.9,5,2153.82,127,78,61.95
160,1,GradientDescent,5000,0.01,1,1833.74,127,78,61.95
161,1,GradientDescent,5000,0.2,1,1819.79,172,33,83.9
162,1,GradientDescent,5000,0.4,1,1875.42,178,27,86.83
163,1,GradientDescent,5000,0.6,1,1830.06,178,27,86.83
164,1,GradientDescent,5000,0.9,1,2929.03,177,28,86.34
165,1,GradientDescent,5000,0.01,3,2918.96,127,78,61.95
166,1,GradientDescent,5000,0.2,3,2951.17,127,78,61.95
167,1,GradientDescent,5000,0.4,3,2893.9,180,25,87.8
168,1,GradientDescent,5000,0.6,3,2946.65,127,78,61.95
169,1,GradientDescent,5000,0.9,3,2937.58,163,42,79.51
170,1,GradientDescent,5000,0.01,5,3956.83,127,78,61.95
171,1,GradientDescent,5000,0.2,5,3987.54,127,78,61.95
172,1,GradientDescent,5000,0.4,5,3987.99,127,78,61.95
173,1,GradientDescent,5000,0.6,5,4459.73,127,78,61.95
174,1,GradientDescent,5000,0.9,5,5965.53,127,78,61.95
175,1,GradientDescent,10000,0.01,1,4057.23,127,78,61.95
176,1,GradientDescent,10000,0.2,1,4132.36,177,28,86.34
177,1,GradientDescent,10000,0.4,1,4502.97,177,28,86.34
178,1,GradientDescent,10000,0.6,1,3751.62,177,28,86.34
179,1,GradientDescent,10000,0.9,1,4229.5,177,28,86.34
180,1,GradientDescent,10000,0.01,3,7436.03,127,78,61.95
181,1,GradientDescent,10000,0.2,3,5689.98,127,78,61.95
182,1,GradientDescent,10000,0.4,3,6236.52,177,28,86.34
183,1,GradientDescent,10000,0.6,3,6161.35,177,28,86.34
184,1,GradientDescent,10000,0.9,3,6272.65,177,28,86.34
185,1,GradientDescent,10000,0.01,5,7195.01,127,78,61.95
186,1,GradientDescent,10000,0.2,5,7252.29,127,78,61.95
187,1,GradientDescent,10000,0.4,5,7446.04,127,78,61.95
188,1,GradientDescent,10000,0.6,5,8064.5,127,78,61.95
189,1,GradientDescent,10000,0.9,5,7225.91,127,78,61.95
190,1,GradientDescent,20000,0.01,1,6530.84,127,78,61.95
191,1,GradientDescent,20000,0.2,1,6582.96,177,28,86.34
192,1,GradientDescent,20000,0.4,1,6685.04,177,28,86.34
193,1,GradientDescent,20000,0.6,1,6552.18,177,28,86.34
194,1,GradientDescent,20000,0.9,1,6606.48,178,27,86.83
195,1,GradientDescent,20000,0.01,3,10189.13,127,78,61.95
196,1,GradientDescent,20000,0.2,3,10126.78,127,78,61.95
197,1,GradientDescent,20000,0.4,3,10022.08,177,28,86.34
198,1,GradientDescent,20000,0.6,3,10002.05,178,27,86.83
199,1,GradientDescent,20000,0.9,3,9970.07,179,26,87.32
200,1,GradientDescent,20000,0.01,5,13365.27,127,78,61.95
201,1,GradientDescent,20000,0.2,5,13249.12,127,78,61.95
202,1,GradientDescent,20000,0.4,5,14372.34,127,78,61.95
203,1,GradientDescent,20000,0.6,5,13438.34,127,78,61.95
204,1,GradientDescent,20000,0.9,5,13370.98,127,78,61.95
205,1,GradientDescent,50000,0.01,1,15890.95,134,71,65.37
206,1,GradientDescent,50000,0.2,1,16033.5,177,28,86.34
207,1,GradientDescent,50000,0.4,1,16051.75,179,26,87.32
208,1,GradientDescent,50000,0.6,1,15902.31,179,26,87.32
209,1,GradientDescent,50000,0.9,1,16152.83,182,23,88.78
210,1,GradientDescent,50000,0.01,3,24264.42,127,78,61.95
211,1,GradientDescent,50000,0.2,3,24293.1,177,28,86.34
212,1,GradientDescent,50000,0.4,3,24093.68,178,27,86.83
213,1,GradientDescent,50000,0.6,3,23967.13,177,28,86.34
214,1,GradientDescent,50000,0.9,3,24093.07,177,28,86.34
215,1,GradientDescent,50000,0.01,5,31693.91,127,78,61.95
216,1,GradientDescent,50000,0.2,5,33643.57,127,78,61.95
217,1,GradientDescent,50000,0.4,5,32152.62,170,35,82.93
218,1,GradientDescent,50000,0.6,5,32065.6,127,78,61.95
219,1,GradientDescent,50000,0.9,5,32042.7,127,78,61.95
439,2,GradientDescent,10,0.01,1,580.89,78,127,38.05
440,2,GradientDescent,10,0.2,1,299.42,127,78,61.95
441,2,GradientDescent,10,0.4,1,295.5,127,78,61.95
442,2,GradientDescent,10,0.6,1,301.83,127,78,61.95
443,2,GradientDescent,10,0.9,1,294.87,127,78,61.95
444,2,GradientDescent,10,0.01,3,539.61,78,127,38.05
445,2,GradientDescent,10,0.2,3,551.99,127,78,61.95
446,2,GradientDescent,10,0.4,3,546.26,78,127,38.05
447,2,GradientDescent,10,0.6,3,533.77,127,78,61.95
448,2,GradientDescent,10,0.9,3,541.08,127,78,61.95
449,2,GradientDescent,10,0.01,5,836.12,127,78,61.95
450,2,GradientDescent,10,0.2,5,840.91,127,78,61.95
451,2,GradientDescent,10,0.4,5,836.2,127,78,61.95
452,2,GradientDescent,10,0.6,5,838.75,127,78,61.95
453,2,GradientDescent,10,0.9,5,838.61,127,78,61.95
454,2,GradientDescent,20,0.01,1,285.95,78,127,38.05
455,2,GradientDescent,20,0.2,1,289.69,127,78,61.95
456,2,GradientDescent,20,0.4,1,1814.08,127,78,61.95
457,2,GradientDescent,20,0.6,1,305.18,127,78,61.95
458,2,GradientDescent,20,0.9,1,297.78,127,78,61.95
459,2,GradientDescent,20,0.01,3,545.49,127,78,61.95
460,2,GradientDescent,20,0.2,3,556.72,127,78,61.95
461,2,GradientDescent,20,0.4,3,550.75,127,78,61.95
462,2,GradientDescent,20,0.6,3,543.19,127,78,61.95
463,2,GradientDescent,20,0.9,3,551.67,127,78,61.95
464,2,GradientDescent,20,0.01,5,842.81,78,127,38.05
465,2,GradientDescent,20,0.2,5,845.72,127,78,61.95
466,2,GradientDescent,20,0.4,5,848.71,127,78,61.95
467,2,GradientDescent,20,0.6,5,860.28,127,78,61.95
468,2,GradientDescent,20,0.9,5,850.63,127,78,61.95
469,2,GradientDescent,50,0.01,1,298.19,127,78,61.95
470,2,GradientDescent,50,0.2,1,300.02,127,78,61.95
471,2,GradientDescent,50,0.4,1,306.7,127,78,61.95
472,2,GradientDescent,50,0.6,1,297.84,127,78,61.95
473,2,GradientDescent,50,0.9,1,297.72,127,78,61.95
474,2,GradientDescent,50,0.01,3,556.85,127,78,61.95
475,2,GradientDescent,50,0.2,3,542.79,127,78,61.95
476,2,GradientDescent,50,0.4,3,548.67,127,78,61.95
477,2,GradientDescent,50,0.6,3,2226.07,127,78,61.95
478,2,GradientDescent,50,0.9,3,564.63,127,78,61.95
479,2,GradientDescent,50,0.01,5,877.42,78,127,38.05
480,2,GradientDescent,50,0.2,5,876.93,127,78,61.95
481,2,GradientDescent,50,0.4,5,860.05,127,78,61.95
482,2,GradientDescent,50,0.6,5,872.86,127,78,61.95
483,2,GradientDescent,50,0.9,5,868.25,127,78,61.95
484,2,GradientDescent,100,0.01,1,323.3,127,78,61.95
485,2,GradientDescent,100,0.2,1,320.7,127,78,61.95
486,2,GradientDescent,100,0.4,1,318.4,127,78,61.95
487,2,GradientDescent,100,0.6,1,316.36,127,78,61.95
488,2,GradientDescent,100,0.9,1,326.03,127,78,61.95
489,2,GradientDescent,100,0.01,3,573.69,127,78,61.95
490,2,GradientDescent,100,0.2,3,586.5,127,78,61.95
491,2,GradientDescent,100,0.4,3,584.56,127,78,61.95
492,2,GradientDescent,100,0.6,3,572.68,127,78,61.95
493,2,GradientDescent,100,0.9,3,583.0,127,78,61.95
494,2,GradientDescent,100,0.01,5,898.89,78,127,38.05
495,2,GradientDescent,100,0.2,5,2572.77,127,78,61.95
496,2,GradientDescent,100,0.4,5,906.19,127,78,61.95
497,2,GradientDescent,100,0.6,5,905.98,127,78,61.95
498,2,GradientDescent,100,0.9,5,901.55,127,78,61.95
499,2,GradientDescent,200,0.01,1,350.95,127,78,61.95
500,2,GradientDescent,200,0.2,1,361.17,127,78,61.95
501,2,GradientDescent,200,0.4,1,347.99,127,78,61.95
502,2,GradientDescent,200,0.6,1,349.45,127,78,61.95
503,2,GradientDescent,200,0.9,1,359.15,127,78,61.95
504,2,GradientDescent,200,0.01,3,621.83,78,127,38.05
505,2,GradientDescent,200,0.2,3,636.99,127,78,61.95
506,2,GradientDescent,200,0.4,3,633.11,127,78,61.95
507,2,GradientDescent,200,0.6,3,621.53,127,78,61.95
508,2,GradientDescent,200,0.9,3,625.84,127,78,61.95
509,2,GradientDescent,200,0.01,5,956.03,127,78,61.95
510,2,GradientDescent,200,0.2,5,2322.89,127,78,61.95
511,2,GradientDescent,200,0.4,5,964.71,127,78,61.95
512,2,GradientDescent,200,0.6,5,959.35,127,78,61.95
513,2,GradientDescent,200,0.9,5,952.57,127,78,61.95
514,2,GradientDescent,500,0.01,1,436.44,127,78,61.95
515,2,GradientDescent,500,0.2,1,446.39,127,78,61.95
516,2,GradientDescent,500,0.4,1,439.82,127,78,61.95
517,2,GradientDescent,500,0.6,1,448.18,127,78,61.95
518,2,GradientDescent,500,0.9,1,438.54,132,73,64.39
519,2,GradientDescent,500,0.01,3,764.6,127,78,61.95
520,2,GradientDescent,500,0.2,3,765.45,127,78,61.95
521,2,GradientDescent,500,0.4,3,756.41,127,78,61.95
522,2,GradientDescent,500,0.6,3,767.77,127,78,61.95
523,2,GradientDescent,500,0.9,3,761.28,127,78,61.95
524,2,GradientDescent,500,0.01,5,2115.16,127,78,61.95
525,2,GradientDescent,500,0.2,5,1143.08,127,78,61.95
526,2,GradientDescent,500,0.4,5,1138.35,127,78,61.95
527,2,GradientDescent,500,0.6,5,1145.25,127,78,61.95
528,2,GradientDescent,500,0.9,5,1131.8,127,78,61.95
529,2,GradientDescent,1000,0.01,1,593.31,127,78,61.95
530,2,GradientDescent,1000,0.2,1,597.21,127,78,61.95
531,2,GradientDescent,1000,0.4,1,589.29,171,34,83.41
532,2,GradientDescent,1000,0.6,1,602.09,169,36,82.44
533,2,GradientDescent,1000,0.9,1,601.97,175,30,85.37
534,2,GradientDescent,1000,0.01,3,994.89,127,78,61.95
535,2,GradientDescent,1000,0.2,3,999.94,127,78,61.95
536,2,GradientDescent,1000,0.4,3,1935.44,127,78,61.95
537,2,GradientDescent,1000,0.6,3,1014.1,127,78,61.95
538,2,GradientDescent,1000,0.9,3,1002.95,127,78,61.95
539,2,GradientDescent,1000,0.01,5,1447.16,127,78,61.95
540,2,GradientDescent,1000,0.2,5,1447.95,127,78,61.95
541,2,GradientDescent,1000,0.4,5,1439.56,127,78,61.95
542,2,GradientDescent,1000,0.6,5,1443.35,127,78,61.95
543,2,GradientDescent,1000,0.9,5,1445.34,127,78,61.95
544,2,GradientDescent,2000,0.01,1,898.55,127,78,61.95
545,2,GradientDescent,2000,0.2,1,897.06,167,38,81.46
546,2,GradientDescent,2000,0.4,1,893.8,171,34,83.41
547,2,GradientDescent,2000,0.6,1,894.5,178,27,86.83
548,2,GradientDescent,2000,0.9,1,897.73,178,27,86.83
549,2,GradientDescent,2000,0.01,3,2439.09,127,78,61.95
550,2,GradientDescent,2000,0.2,3,1471.93,127,78,61.95
551,2,GradientDescent,2000,0.4,3,1615.45,127,78,61.95
552,2,GradientDescent,2000,0.6,3,1472.76,127,78,61.95
553,2,GradientDescent,2000,0.9,3,1482.53,177,28,86.34
554,2,GradientDescent,2000,0.01,5,2059.67,127,78,61.95
555,2,GradientDescent,2000,0.2,5,2051.45,127,78,61.95
556,2,GradientDescent,2000,0.4,5,2048.16,127,78,61.95
557,2,GradientDescent,2000,0.6,5,2045.98,127,78,61.95
558,2,GradientDescent,2000,0.9,5,2053.1,127,78,61.95
559,2,GradientDescent,5000,0.01,1,2789.26,127,78,61.95
560,2,GradientDescent,5000,0.2,1,1855.11,173,32,84.39
561,2,GradientDescent,5000,0.4,1,1847.99,178,27,86.83
562,2,GradientDescent,5000,0.6,1,1844.27,179,26,87.32
563,2,GradientDescent,5000,0.9,1,1850.58,177,28,86.34
564,2,GradientDescent,5000,0.01,3,2867.86,127,78,61.95
565,2,GradientDescent,5000,0.2,3,2871.66,127,78,61.95
566,2,GradientDescent,5000,0.4,3,2881.71,127,78,61.95
567,2,GradientDescent,5000,0.6,3,2877.99,127,78,61.95
568,2,GradientDescent,5000,0.9,3,2863.06,174,31,84.88
569,2,GradientDescent,5000,0.01,5,3893.67,127,78,61.95
570,2,GradientDescent,5000,0.2,5,3905.07,127,78,61.95
571,2,GradientDescent,5000,0.4,5,3895.29,127,78,61.95
572,2,GradientDescent,5000,0.6,5,4906.58,127,78,61.95
573,2,GradientDescent,5000,0.9,5,3923.25,127,78,61.95
574,2,GradientDescent,10000,0.01,1,3381.25,127,78,61.95
575,2,GradientDescent,10000,0.2,1,3410.91,178,27,86.83
576,2,GradientDescent,10000,0.4,1,3414.15,177,28,86.34
577,2,GradientDescent,10000,0.6,1,3380.46,177,28,86.34
578,2,GradientDescent,10000,0.9,1,3382.29,178,27,86.83
579,2,GradientDescent,10000,0.01,3,5217.62,127,78,61.95
580,2,GradientDescent,10000,0.2,3,5195.56,127,78,61.95
581,2,GradientDescent,10000,0.4,3,5179.65,175,30,85.37
582,2,GradientDescent,10000,0.6,3,5199.56,176,29,85.85
583,2,GradientDescent,10000,0.9,3,5180.87,177,28,86.34
584,2,GradientDescent,10000,0.01,5,6947.64,127,78,61.95
585,2,GradientDescent,10000,0.2,5,6954.0,127,78,61.95
586,2,GradientDescent,10000,0.4,5,7981.55,127,78,61.95
587,2,GradientDescent,10000,0.6,5,7012.73,127,78,61.95
588,2,GradientDescent,10000,0.9,5,7009.51,127,78,61.95
589,2,GradientDescent,20000,0.01,1,6441.7,127,78,61.95
590,2,GradientDescent,20000,0.2,1,6463.72,178,27,86.83
591,2,GradientDescent,20000,0.4,1,6507.34,177,28,86.34
592,2,GradientDescent,20000,0.6,1,6497.1,179,26,87.32
593,2,GradientDescent,20000,0.9,1,6473.73,177,28,86.34
594,2,GradientDescent,20000,0.01,3,9868.01,127,78,61.95
595,2,GradientDescent,20000,0.2,3,9876.54,176,29,85.85
596,2,GradientDescent,20000,0.4,3,9862.45,177,28,86.34
597,2,GradientDescent,20000,0.6,3,9810.79,178,27,86.83
598,2,GradientDescent,20000,0.9,3,9837.45,177,28,86.34
599,2,GradientDescent,20000,0.01,5,13047.47,127,78,61.95
600,2,GradientDescent,20000,0.2,5,14207.67,127,78,61.95
601,2,GradientDescent,20000,0.4,5,13157.13,127,78,61.95
602,2,GradientDescent,20000,0.6,5,13169.65,127,78,61.95
603,2,GradientDescent,20000,0.9,5,13173.64,127,78,61.95
604,2,GradientDescent,50000,0.01,1,15808.88,171,34,83.41
605,2,GradientDescent,50000,0.2,1,15805.29,176,29,85.85
606,2,GradientDescent,50000,0.4,1,15678.14,179,26,87.32
607,2,GradientDescent,50000,0.6,1,15664.21,181,24,88.29
608,2,GradientDescent,50000,0.9,1,15626.86,183,22,89.27
609,2,GradientDescent,50000,0.01,3,23894.3,127,78,61.95
610,2,GradientDescent,50000,0.2,3,30186.45,177,28,86.34
611,2,GradientDescent,50000,0.4,3,35438.78,180,25,87.8
612,2,GradientDescent,50000,0.6,3,30175.33,179,26,87.32
613,2,GradientDescent,50000,0.9,3,33490.39,179,26,87.32
614,2,GradientDescent,50000,0.01,5,35796.37,127,78,61.95
615,2,GradientDescent,50000,0.2,5,35086.29,127,78,61.95
616,2,GradientDescent,50000,0.4,5,35652.01,127,78,61.95
617,2,GradientDescent,50000,0.6,5,35697.0,127,78,61.95
618,2,GradientDescent,50000,0.9,5,35677.41,127,78,61.95
838,3,GradientDescent,10,0.01,1,641.9,77,128,37.56
839,3,GradientDescent,10,0.2,1,291.72,78,127,38.05
840,3,GradientDescent,10,0.4,1,296.08,127,78,61.95
841,3,GradientDescent,10,0.6,1,292.63,127,78,61.95
842,3,GradientDescent,10,0.9,1,293.36,127,78,61.95
843,3,GradientDescent,10,0.01,3,537.31,78,127,38.05
844,3,GradientDescent,10,0.2,3,540.86,78,127,38.05
845,3,GradientDescent,10,0.4,3,537.98,127,78,61.95
846,3,GradientDescent,10,0.6,3,2004.96,127,78,61.95
847,3,GradientDescent,10,0.9,3,564.46,127,78,61.95
848,3,GradientDescent,10,0.01,5,859.31,78,127,38.05
849,3,GradientDescent,10,0.2,5,863.29,127,78,61.95
850,3,GradientDescent,10,0.4,5,850.01,78,127,38.05
851,3,GradientDescent,10,0.6,5,851.07,127,78,61.95
852,3,GradientDescent,10,0.9,5,838.09,127,78,61.95
853,3,GradientDescent,20,0.01,1,291.95,78,127,38.05
854,3,GradientDescent,20,0.2,1,297.22,127,78,61.95
855,3,GradientDescent,20,0.4,1,293.97,127,78,61.95
856,3,GradientDescent,20,0.6,1,290.96,127,78,61.95
857,3,GradientDescent,20,0.9,1,295.47,127,78,61.95
858,3,GradientDescent,20,0.01,3,540.42,127,78,61.95
859,3,GradientDescent,20,0.2,3,536.89,127,78,61.95
860,3,GradientDescent,20,0.4,3,539.46,127,78,61.95
861,3,GradientDescent,20,0.6,3,542.22,127,78,61.95
862,3,GradientDescent,20,0.9,3,537.54,127,78,61.95
863,3,GradientDescent,20,0.01,5,835.19,78,127,38.05
864,3,GradientDescent,20,0.2,5,830.84,127,78,61.95
865,3,GradientDescent,20,0.4,5,2586.18,127,78,61.95
866,3,GradientDescent,20,0.6,5,988.63,127,78,61.95
867,3,GradientDescent,20,0.9,5,928.0,127,78,61.95
868,3,GradientDescent,50,0.01,1,305.22,127,78,61.95
869,3,GradientDescent,50,0.2,1,311.85,127,78,61.95
870,3,GradientDescent,50,0.4,1,308.79,127,78,61.95
871,3,GradientDescent,50,0.6,1,307.31,127,78,61.95
872,3,GradientDescent,50,0.9,1,313.9,127,78,61.95
873,3,GradientDescent,50,0.01,3,575.93,127,78,61.95
874,3,GradientDescent,50,0.2,3,564.87,127,78,61.95
875,3,GradientDescent,50,0.4,3,561.99,127,78,61.95
876,3,GradientDescent,50,0.6,3,561.87,127,78,61.95
877,3,GradientDescent,50,0.9,3,568.42,127,78,61.95
878,3,GradientDescent,50,0.01,5,863.94,127,78,61.95
879,3,GradientDescent,50,0.2,5,856.44,127,78,61.95
880,3,GradientDescent,50,0.4,5,883.27,127,78,61.95
881,3,GradientDescent,50,0.6,5,885.24,127,78,61.95
882,3,GradientDescent,50,0.9,5,2597.94,127,78,61.95
883,3,GradientDescent,100,0.01,1,326.84,78,127,38.05
884,3,GradientDescent,100,0.2,1,330.0,127,78,61.95
885,3,GradientDescent,100,0.4,1,332.73,127,78,61.95
886,3,GradientDescent,100,0.6,1,324.92,127,78,61.95
887,3,GradientDescent,100,0.9,1,328.77,127,78,61.95
888,3,GradientDescent,100,0.01,3,594.59,78,127,38.05
889,3,GradientDescent,100,0.2,3,592.32,127,78,61.95
890,3,GradientDescent,100,0.4,3,588.13,127,78,61.95
891,3,GradientDescent,100,0.6,3,584.89,127,78,61.95
892,3,GradientDescent,100,0.9,3,593.07,127,78,61.95
893,3,GradientDescent,100,0.01,5,900.24,127,78,61.95
894,3,GradientDescent,100,0.2,5,908.26,127,78,61.95
895,3,GradientDescent,100,0.4,5,907.63,127,78,61.95
896,3,GradientDescent,100,0.6,5,890.25,127,78,61.95
897,3,GradientDescent,100,0.9,5,891.88,127,78,61.95
898,3,GradientDescent,200,0.01,1,353.71,127,78,61.95
899,3,GradientDescent,200,0.2,1,1879.76,127,78,61.95
900,3,GradientDescent,200,0.4,1,373.35,127,78,61.95
901,3,GradientDescent,200,0.6,1,364.44,127,78,61.95
902,3,GradientDescent,200,0.9,1,377.05,127,78,61.95
903,3,GradientDescent,200,0.01,3,656.65,78,127,38.05
904,3,GradientDescent,200,0.2,3,650.55,127,78,61.95
905,3,GradientDescent,200,0.4,3,665.68,127,78,61.95
906,3,GradientDescent,200,0.6,3,635.42,127,78,61.95
907,3,GradientDescent,200,0.9,3,652.37,127,78,61.95
908,3,GradientDescent,200,0.01,5,1324.71,127,78,61.95
909,3,GradientDescent,200,0.2,5,1135.95,127,78,61.95
910,3,GradientDescent,200,0.4,5,1014.14,127,78,61.95
911,3,GradientDescent,200,0.6,5,1039.99,127,78,61.95
912,3,GradientDescent,200,0.9,5,2413.6,127,78,61.95
913,3,GradientDescent,500,0.01,1,488.1,126,79,61.46
914,3,GradientDescent,500,0.2,1,589.43,127,78,61.95
915,3,GradientDescent,500,0.4,1,568.1,127,78,61.95
916,3,GradientDescent,500,0.6,1,598.33,127,78,61.95
917,3,GradientDescent,500,0.9,1,458.29,165,40,80.49
918,3,GradientDescent,500,0.01,3,805.96,127,78,61.95
919,3,GradientDescent,500,0.2,3,928.7,127,78,61.95
920,3,GradientDescent,500,0.4,3,798.16,127,78,61.95
921,3,GradientDescent,500,0.6,3,985.98,127,78,61.95
922,3,GradientDescent,500,0.9,3,1074.37,127,78,61.95
923,3,GradientDescent,500,0.01,5,1368.3,127,78,61.95
924,3,GradientDescent,500,0.2,5,1224.24,127,78,61.95
925,3,GradientDescent,500,0.4,5,1352.54,127,78,61.95
926,3,GradientDescent,500,0.6,5,2231.51,127,78,61.95
927,3,GradientDescent,500,0.9,5,1201.01,127,78,61.95
928,3,GradientDescent,1000,0.01,1,672.56,127,78,61.95
929,3,GradientDescent,1000,0.2,1,702.31,127,78,61.95
930,3,GradientDescent,1000,0.4,1,719.91,142,63,69.27
931,3,GradientDescent,1000,0.6,1,746.07,175,30,85.37
932,3,GradientDescent,1000,0.9,1,726.73,170,35,82.93
933,3,GradientDescent,1000,0.01,3,1056.32,127,78,61.95
934,3,GradientDescent,1000,0.2,3,1047.45,127,78,61.95
935,3,GradientDescent,1000,0.4,3,1016.22,127,78,61.95
936,3,GradientDescent,1000,0.6,3,1008.73,127,78,61.95
937,3,GradientDescent,1000,0.9,3,1004.27,127,78,61.95
938,3,GradientDescent,1000,0.01,5,1491.12,127,78,61.95
939,3,GradientDescent,1000,0.2,5,2829.38,127,78,61.95
940,3,GradientDescent,1000,0.4,5,1649.27,127,78,61.95
941,3,GradientDescent,1000,0.6,5,1827.55,127,78,61.95
942,3,GradientDescent,1000,0.9,5,1509.27,127,78,61.95
943,3,GradientDescent,2000,0.01,1,1232.06,127,78,61.95
944,3,GradientDescent,2000,0.2,1,1307.77,127,78,61.95
945,3,GradientDescent,2000,0.4,1,979.24,171,34,83.41
946,3,GradientDescent,2000,0.6,1,1061.52,177,28,86.34
947,3,GradientDescent,2000,0.9,1,928.27,178,27,86.83
948,3,GradientDescent,2000,0.01,3,1566.4,127,78,61.95
949,3,GradientDescent,2000,0.2,3,1516.1,127,78,61.95
950,3,GradientDescent,2000,0.4,3,1667.37,127,78,61.95
951,3,GradientDescent,2000,0.6,3,1597.36,127,78,61.95
952,3,GradientDescent,2000,0.9,3,1531.45,127,78,61.95
953,3,GradientDescent,2000,0.01,5,3378.87,127,78,61.95
954,3,GradientDescent,2000,0.2,5,2185.72,127,78,61.95
955,3,GradientDescent,2000,0.4,5,2135.34,127,78,61.95
956,3,GradientDescent,2000,0.6,5,2107.77,127,78,61.95
957,3,GradientDescent,2000,0.9,5,2074.35,127,78,61.95
958,3,GradientDescent,5000,0.01,1,1876.0,127,78,61.95
959,3,GradientDescent,5000,0.2,1,1868.11,176,29,85.85
960,3,GradientDescent,5000,0.4,1,2127.54,177,28,86.34
961,3,GradientDescent,5000,0.6,1,1874.96,179,26,87.32
962,3,GradientDescent,5000,0.9,1,1905.88,177,28,86.34
963,3,GradientDescent,5000,0.01,3,3146.73,127,78,61.95
964,3,GradientDescent,5000,0.2,3,2978.47,127,78,61.95
965,3,GradientDescent,5000,0.4,3,3867.16,127,78,61.95
966,3,GradientDescent,5000,0.6,3,2905.16,127,78,61.95
967,3,GradientDescent,5000,0.9,3,2891.69,176,29,85.85
968,3,GradientDescent,5000,0.01,5,4075.23,127,78,61.95
969,3,GradientDescent,5000,0.2,5,3948.61,127,78,61.95
970,3,GradientDescent,5000,0.4,5,4079.06,127,78,61.95
971,3,GradientDescent,5000,0.6,5,3920.74,127,78,61.95
972,3,GradientDescent,5000,0.9,5,3936.71,127,78,61.95
973,3,GradientDescent,10000,0.01,1,3377.7,127,78,61.95
974,3,GradientDescent,10000,0.2,1,3361.77,176,29,85.85
975,3,GradientDescent,10000,0.4,1,3360.05,178,27,86.83
976,3,GradientDescent,10000,0.6,1,3372.98,177,28,86.34
977,3,GradientDescent,10000,0.9,1,3369.81,178,27,86.83
978,3,GradientDescent,10000,0.01,3,6276.59,127,78,61.95
979,3,GradientDescent,10000,0.2,3,5243.07,127,78,61.95
980,3,GradientDescent,10000,0.4,3,5241.41,127,78,61.95
981,3,GradientDescent,10000,0.6,3,5246.7,176,29,85.85
982,3,GradientDescent,10000,0.9,3,5253.95,177,28,86.34
983,3,GradientDescent,10000,0.01,5,7038.28,127,78,61.95
984,3,GradientDescent,10000,0.2,5,7051.23,127,78,61.95
985,3,GradientDescent,10000,0.4,5,7020.14,127,78,61.95
986,3,GradientDescent,10000,0.6,5,7597.74,127,78,61.95
987,3,GradientDescent,10000,0.9,5,7320.78,127,78,61.95
988,3,GradientDescent,20000,0.01,1,7937.66,127,78,61.95
989,3,GradientDescent,20000,0.2,1,6999.62,177,28,86.34
990,3,GradientDescent,20000,0.4,1,6774.09,178,27,86.83
991,3,GradientDescent,20000,0.6,1,6574.18,178,27,86.83
992,3,GradientDescent,20000,0.9,1,6537.31,177,28,86.34
993,3,GradientDescent,20000,0.01,3,10226.34,127,78,61.95
994,3,GradientDescent,20000,0.2,3,11422.91,127,78,61.95
995,3,GradientDescent,20000,0.4,3,10855.81,177,28,86.34
996,3,GradientDescent,20000,0.6,3,11577.71,177,28,86.34
997,3,GradientDescent,20000,0.9,3,11272.94,179,26,87.32
998,3,GradientDescent,20000,0.01,5,14688.16,127,78,61.95
999,3,GradientDescent,20000,0.2,5,14561.92,127,78,61.95
1000,3,GradientDescent,20000,0.4,5,13579.89,127,78,61.95
1001,3,GradientDescent,20000,0.6,5,15401.55,127,78,61.95
1002,3,GradientDescent,20000,0.9,5,15749.46,127,78,61.95
1003,3,GradientDescent,50000,0.01,1,19699.56,171,34,83.41
1004,3,GradientDescent,50000,0.2,1,17824.98,177,28,86.34
1005,3,GradientDescent,50000,0.4,1,18070.31,178,27,86.83
1006,3,GradientDescent,50000,0.6,1,18530.04,180,25,87.8
1007,3,GradientDescent,50000,0.9,1,19102.3,183,22,89.27
1008,3,GradientDescent,50000,0.01,3,25134.37,127,78,61.95
1009,3,GradientDescent,50000,0.2,3,29859.15,178,27,86.83
1010,3,GradientDescent,50000,0.4,3,24332.46,180,25,87.8
1011,3,GradientDescent,50000,0.6,3,24063.82,179,26,87.32
1012,3,GradientDescent,50000,0.9,3,24217.19,179,26,87.32
1013,3,GradientDescent,50000,0.01,5,33734.98,127,78,61.95
1014,3,GradientDescent,50000,0.2,5,36774.33,127,78,61.95
1015,3,GradientDescent,50000,0.4,5,37081.51,127,78,61.95
1016,3,GradientDescent,50000,0.6,5,34546.77,176,29,85.85
1017,3,GradientDescent,50000,0.9,5,33509.9,175,30,85.37
1237,4,GradientDescent,10,0.01,1,564.94,78,127,38.05
1238,4,GradientDescent,10,0.2,1,444.38,127,78,61.95
1239,4,GradientDescent,10,0.4,1,458.43,127,78,61.95
1240,4,GradientDescent,10,0.6,1,433.7,127,78,61.95
1241,4,GradientDescent,10,0.9,1,419.06,127,78,61.95
1242,4,GradientDescent,10,0.01,3,794.33,127,78,61.95
1243,4,GradientDescent,10,0.2,3,797.05,78,127,38.05
1244,4,GradientDescent,10,0.4,3,605.86,127,78,61.95
1245,4,GradientDescent,10,0.6,3,617.01,127,78,61.95
1246,4,GradientDescent,10,0.9,3,687.41,127,78,61.95
1247,4,GradientDescent,10,0.01,5,1118.0,78,127,38.05
1248,4,GradientDescent,10,0.2,5,2761.35,78,127,38.05
1249,4,GradientDescent,10,0.4,5,889.01,127,78,61.95
1250,4,GradientDescent,10,0.6,5,848.55,127,78,61.95
1251,4,GradientDescent,10,0.9,5,874.87,127,78,61.95
1252,4,GradientDescent,20,0.01,1,372.69,127,78,61.95
1253,4,GradientDescent,20,0.2,1,304.16,127,78,61.95
1254,4,GradientDescent,20,0.4,1,297.64,127,78,61.95
1255,4,GradientDescent,20,0.6,1,309.96,127,78,61.95
1256,4,GradientDescent,20,0.9,1,306.3,127,78,61.95
1257,4,GradientDescent,20,0.01,3,568.32,78,127,38.05
1258,4,GradientDescent,20,0.2,3,564.44,78,127,38.05
1259,4,GradientDescent,20,0.4,3,588.29,127,78,61.95
1260,4,GradientDescent,20,0.6,3,573.37,127,78,61.95
1261,4,GradientDescent,20,0.9,3,561.35,127,78,61.95
1262,4,GradientDescent,20,0.01,5,906.51,127,78,61.95
1263,4,GradientDescent,20,0.2,5,858.02,127,78,61.95
1264,4,GradientDescent,20,0.4,5,910.45,127,78,61.95
1265,4,GradientDescent,20,0.6,5,872.74,127,78,61.95
1266,4,GradientDescent,20,0.9,5,2655.05,127,78,61.95
1267,4,GradientDescent,50,0.01,1,319.82,127,78,61.95
1268,4,GradientDescent,50,0.2,1,321.37,127,78,61.95
1269,4,GradientDescent,50,0.4,1,316.77,127,78,61.95
1270,4,GradientDescent,50,0.6,1,334.1,127,78,61.95
1271,4,GradientDescent,50,0.9,1,333.64,127,78,61.95
1272,4,GradientDescent,50,0.01,3,577.82,127,78,61.95
1273,4,GradientDescent,50,0.2,3,581.16,127,78,61.95
1274,4,GradientDescent,50,0.4,3,599.89,127,78,61.95
1275,4,GradientDescent,50,0.6,3,628.32,127,78,61.95
1276,4,GradientDescent,50,0.9,3,599.19,127,78,61.95
1277,4,GradientDescent,50,0.01,5,984.44,127,78,61.95
1278,4,GradientDescent,50,0.2,5,898.7,127,78,61.95
1279,4,GradientDescent,50,0.4,5,949.96,127,78,61.95
1280,4,GradientDescent,50,0.6,5,924.45,127,78,61.95
1281,4,GradientDescent,50,0.9,5,923.89,127,78,61.95
1282,4,GradientDescent,100,0.01,1,343.25,78,127,38.05
1283,4,GradientDescent,100,0.2,1,360.89,127,78,61.95
1284,4,GradientDescent,100,0.4,1,317.98,127,78,61.95
1285,4,GradientDescent,100,0.6,1,342.59,127,78,61.95
1286,4,GradientDescent,100,0.9,1,337.05,127,78,61.95
1287,4,GradientDescent,100,0.01,3,600.51,78,127,38.05
1288,4,GradientDescent,100,0.2,3,2417.44,127,78,61.95
1289,4,GradientDescent,100,0.4,3,625.01,127,78,61.95
1290,4,GradientDescent,100,0.6,3,627.85,127,78,61.95
1291,4,GradientDescent,100,0.9,3,637.88,127,78,61.95
1292,4,GradientDescent,100,0.01,5,950.59,127,78,61.95
1293,4,GradientDescent,100,0.2,5,935.81,127,78,61.95
1294,4,GradientDescent,100,0.4,5,959.14,127,78,61.95
1295,4,GradientDescent,100,0.6,5,932.24,127,78,61.95
1296,4,GradientDescent,100,0.9,5,938.66,127,78,61.95
1297,4,GradientDescent,200,0.01,1,367.76,127,78,61.95
1298,4,GradientDescent,200,0.2,1,354.78,127,78,61.95
1299,4,GradientDescent,200,0.4,1,385.37,127,78,61.95
1300,4,GradientDescent,200,0.6,1,439.76,127,78,61.95
1301,4,GradientDescent,200,0.9,1,389.65,127,78,61.95
1302,4,GradientDescent,200,0.01,3,661.28,127,78,61.95
1303,4,GradientDescent,200,0.2,3,669.74,127,78,61.95
1304,4,GradientDescent,200,0.4,3,2084.38,127,78,61.95
1305,4,GradientDescent,200,0.6,3,654.02,127,78,61.95
1306,4,GradientDescent,200,0.9,3,671.61,127,78,61.95
1307,4,GradientDescent,200,0.01,5,1062.05,127,78,61.95
1308,4,GradientDescent,200,0.2,5,1010.76,127,78,61.95
1309,4,GradientDescent,200,0.4,5,1055.6,127,78,61.95
1310,4,GradientDescent,200,0.6,5,1139.32,127,78,61.95
1311,4,GradientDescent,200,0.9,5,1018.7,127,78,61.95
1312,4,GradientDescent,500,0.01,1,460.99,127,78,61.95
1313,4,GradientDescent,500,0.2,1,491.32,127,78,61.95
1314,4,GradientDescent,500,0.4,1,454.56,127,78,61.95
1315,4,GradientDescent,500,0.6,1,477.52,127,78,61.95
1316,4,GradientDescent,500,0.9,1,1504.9,153,52,74.63
1317,4,GradientDescent,500,0.01,3,833.12,78,127,38.05
1318,4,GradientDescent,500,0.2,3,803.68,127,78,61.95
1319,4,GradientDescent,500,0.4,3,779.99,127,78,61.95
1320,4,GradientDescent,500,0.6,3,836.16,127,78,61.95
1321,4,GradientDescent,500,0.9,3,799.3,127,78,61.95
1322,4,GradientDescent,500,0.01,5,1196.28,78,127,38.05
1323,4,GradientDescent,500,0.2,5,1152.88,127,78,61.95
1324,4,GradientDescent,500,0.4,5,1154.56,127,78,61.95
1325,4,GradientDescent,500,0.6,5,1235.31,127,78,61.95
1326,4,GradientDescent,500,0.9,5,1326.18,127,78,61.95
1327,4,GradientDescent,1000,0.01,1,2135.83,127,78,61.95
1328,4,GradientDescent,1000,0.2,1,909.48,127,78,61.95
1329,4,GradientDescent,1000,0.4,1,780.11,154,51,75.12
1330,4,GradientDescent,1000,0.6,1,781.87,175,30,85.37
1331,4,GradientDescent,1000,0.9,1,712.83,174,31,84.88
1332,4,GradientDescent,1000,0.01,3,1071.35,127,78,61.95
1333,4,GradientDescent,1000,0.2,3,1193.21,127,78,61.95
1334,4,GradientDescent,1000,0.4,3,1080.97,127,78,61.95
1335,4,GradientDescent,1000,0.6,3,1118.91,127,78,61.95
1336,4,GradientDescent,1000,0.9,3,1046.93,127,78,61.95
1337,4,GradientDescent,1000,0.01,5,1512.77,127,78,61.95
1338,4,GradientDescent,1000,0.2,5,1510.58,127,78,61.95
1339,4,GradientDescent,1000,0.4,5,1591.95,127,78,61.95
1340,4,GradientDescent,1000,0.6,5,2634.2,127,78,61.95
1341,4,GradientDescent,1000,0.9,5,1605.89,127,78,61.95
1342,4,GradientDescent,2000,0.01,1,997.47,127,78,61.95
1343,4,GradientDescent,2000,0.2,1,1163.96,129,76,62.93
1344,4,GradientDescent,2000,0.4,1,1318.76,151,54,73.66
1345,4,GradientDescent,2000,0.6,1,1098.14,178,27,86.83
1346,4,GradientDescent,2000,0.9,1,1427.87,178,27,86.83
1347,4,GradientDescent,2000,0.01,3,1920.38,127,78,61.95
1348,4,GradientDescent,2000,0.2,3,1765.83,127,78,61.95
1349,4,GradientDescent,2000,0.4,3,1566.87,127,78,61.95
1350,4,GradientDescent,2000,0.6,3,1724.67,127,78,61.95
1351,4,GradientDescent,2000,0.9,3,1680.85,179,26,87.32
1352,4,GradientDescent,2000,0.01,5,2214.17,127,78,61.95
1353,4,GradientDescent,2000,0.2,5,2052.84,127,78,61.95
1354,4,GradientDescent,2000,0.4,5,3139.37,127,78,61.95
1355,4,GradientDescent,2000,0.6,5,2261.0,127,78,61.95
1356,4,GradientDescent,2000,0.9,5,2181.83,127,78,61.95
1357,4,GradientDescent,5000,0.01,1,2032.14,127,78,61.95
1358,4,GradientDescent,5000,0.2,1,2040.67,175,30,85.37
1359,4,GradientDescent,5000,0.4,1,1976.14,177,28,86.34
1360,4,GradientDescent,5000,0.6,1,1929.78,179,26,87.32
1361,4,GradientDescent,5000,0.9,1,2025.3,177,28,86.34
1362,4,GradientDescent,5000,0.01,3,3276.95,127,78,61.95
1363,4,GradientDescent,5000,0.2,3,3101.93,127,78,61.95
1364,4,GradientDescent,5000,0.4,3,3065.7,127,78,61.95
1365,4,GradientDescent,5000,0.6,3,3064.69,177,28,86.34
1366,4,GradientDescent,5000,0.9,3,3733.34,176,29,85.85
1367,4,GradientDescent,5000,0.01,5,5243.84,127,78,61.95
1368,4,GradientDescent,5000,0.2,5,6102.98,127,78,61.95
1369,4,GradientDescent,5000,0.4,5,4582.98,127,78,61.95
1370,4,GradientDescent,5000,0.6,5,4692.74,127,78,61.95
1371,4,GradientDescent,5000,0.9,5,4365.3,127,78,61.95
1372,4,GradientDescent,10000,0.01,1,3526.21,127,78,61.95
1373,4,GradientDescent,10000,0.2,1,3418.97,177,28,86.34
1374,4,GradientDescent,10000,0.4,1,3739.06,177,28,86.34
1375,4,GradientDescent,10000,0.6,1,3515.58,177,28,86.34
1376,4,GradientDescent,10000,0.9,1,3581.59,177,28,86.34
1377,4,GradientDescent,10000,0.01,3,7383.1,127,78,61.95
1378,4,GradientDescent,10000,0.2,3,6774.82,127,78,61.95
1379,4,GradientDescent,10000,0.4,3,5503.79,127,78,61.95
1380,4,GradientDescent,10000,0.6,3,5523.48,177,28,86.34
1381,4,GradientDescent,10000,0.9,3,6758.43,177,28,86.34
1382,4,GradientDescent,10000,0.01,5,7785.43,127,78,61.95
1383,4,GradientDescent,10000,0.2,5,7358.17,127,78,61.95
1384,4,GradientDescent,10000,0.4,5,8707.41,127,78,61.95
1385,4,GradientDescent,10000,0.6,5,8720.83,127,78,61.95
1386,4,GradientDescent,10000,0.9,5,7792.42,127,78,61.95
1387,4,GradientDescent,20000,0.01,1,7784.68,127,78,61.95
1388,4,GradientDescent,20000,0.2,1,7121.45,178,27,86.83
1389,4,GradientDescent,20000,0.4,1,7556.17,177,28,86.34
1390,4,GradientDescent,20000,0.6,1,8064.46,177,28,86.34
1391,4,GradientDescent,20000,0.9,1,7592.09,177,28,86.34
1392,4,GradientDescent,20000,0.01,3,11532.6,127,78,61.95
1393,4,GradientDescent,20000,0.2,3,11318.54,179,26,87.32
1394,4,GradientDescent,20000,0.4,3,10657.95,176,29,85.85
1395,4,GradientDescent,20000,0.6,3,13247.2,177,28,86.34
1396,4,GradientDescent,20000,0.9,3,12056.94,179,26,87.32
1397,4,GradientDescent,20000,0.01,5,16902.52,127,78,61.95
1398,4,GradientDescent,20000,0.2,5,15476.25,127,78,61.95
1399,4,GradientDescent,20000,0.4,5,15638.82,127,78,61.95
1400,4,GradientDescent,20000,0.6,5,15704.5,127,78,61.95
1401,4,GradientDescent,20000,0.9,5,15550.43,176,29,85.85
1402,4,GradientDescent,50000,0.01,1,17490.91,145,60,70.73
1403,4,GradientDescent,50000,0.2,1,16044.4,176,29,85.85
1404,4,GradientDescent,50000,0.4,1,15956.22,179,26,87.32
1405,4,GradientDescent,50000,0.6,1,17312.71,180,25,87.8
1406,4,GradientDescent,50000,0.9,1,16306.12,179,26,87.32
1407,4,GradientDescent,50000,0.01,3,24732.29,127,78,61.95
1408,4,GradientDescent,50000,0.2,3,24475.6,176,29,85.85
1409,4,GradientDescent,50000,0.4,3,24559.67,180,25,87.8
1410,4,GradientDescent,50000,0.6,3,24682.68,179,26,87.32
1411,4,GradientDescent,50000,0.9,3,24527.01,177,28,86.34
1412,4,GradientDescent,50000,0.01,5,32408.2,127,78,61.95
1413,4,GradientDescent,50000,0.2,5,32316.26,127,78,61.95
1414,4,GradientDescent,50000,0.4,5,32458.82,127,78,61.95
1415,4,GradientDescent,50000,0.6,5,31968.73,127,78,61.95
1416,4,GradientDescent,50000,0.9,5,33791.24,175,30,85.37
